﻿<LinkSources version="1.02">
  <page ID="E7AA4F70-A0CD-4730-AF6E-BC22A250526B">
    <linkSource sourcePageID="A5F32BDE-EBB4-48DF-8AB3-49A2EE5F9477" comID="3E545097-219F-46F1-8150-B46335FFC639" comLinkType="cltPageLink"/>
    <linkSource sourcePageID="6E599BD8-DFE7-4031-9AF4-4039F4E9CAD8" comID="6179623C-AAAB-4A87-B4F9-016D0EDCF26E" comLinkType="cltPageLink"/>
    <linkSource sourcePageID="6F0B94BE-3992-4182-BE39-36EF428B99E8" comID="C50B286F-EDED-4EA6-84A8-FEBEC1D271B8" comLinkType="cltPageLink"/>
  </page>
  <page ID="6F0B94BE-3992-4182-BE39-36EF428B99E8">
    <linkSource sourcePageID="E7AA4F70-A0CD-4730-AF6E-BC22A250526B" comID="06C1AE8C-EDE9-4DD9-BF02-7CDDD7289DFC" comLinkType="cltPageLink"/>
  </page>
  <page ID="6E599BD8-DFE7-4031-9AF4-4039F4E9CAD8">
    <linkSource sourcePageID="E7AA4F70-A0CD-4730-AF6E-BC22A250526B" comID="0B9B9ED7-F3D6-446A-96F0-2DDF15D141F8" comLinkType="cltPageLink"/>
  </page>
</LinkSources>